The following people, in alphabetical order, have either authored or signed
off on commits in the Cilium repository:

1602077                                 jack.charlie.munday@cern.ch
a5r0n                                   a5r0n@users.noreply.github.com
Aaron Ecay                              aaron.ecay@sky.uk
Aaron Groom                             150026554+aarongroom@users.noreply.github.com
Àbéjídé Àyodélé                         abejideayodele@gmail.com
Abirdcfly                               fp544037857@gmail.com
Adam Bocim                              adam.bocim@seznam.cz
Adam Korcz                              adam@adalogics.com
Adam Wolfe Gordon                       awg@digitalocean.com
adamzhoul                               adamzhoul186@gmail.com
Aditi Ghag                              aditi@cilium.io
Aditya Kumar                            aditya.kumar60@infosys.com
Aditya Purandare                        aditya.p1993@hotmail.com
Aditya Sharma                           aditya.sharma@shopify.com
Adrian Berger                           adrian.berger@bedag.ch
Adrien Trouillaud                       adrienjt@users.noreply.github.com
Ahmed Bebars                            1381372+abebars@users.noreply.github.com
Akhil Velagapudi                        4@4khil.com
Akshat Agarwal                          humancalico@disroot.org
Alan Kutniewski                         kutniewski@google.com
Alban Crequy                            alban@kinvolk.io
Albert van 't Hart                      avthart@gmail.com
Aleksander Mistewicz                    amistewicz@google.com
Aleksei Zakharov                        zakharov.a.g@yandex.ru
Aleksejs Cudovs                         aleksejs.cudovs@gmail.com
Alexander Alemayhu                      alexander@alemayhu.com
Alexander Berger                        alex-berger@gmx.ch
Alexander Block                         ablock84@gmail.com
Alexander Demichev                      demichev.alexander@gmail.com
Alexandre Barone                        abalexandrebarone@gmail.com
Alexandre Perrin                        alex@isovalent.com
Alexei Starovoitov                      alexei.starovoitov@gmail.com
Alexey Grevtsev                         alexey.grevtcev@gmail.com
Alexis La Goutte                        alexis.lagoutte@gmail.com
Alex Katsman                            alexkats@google.com
Alex Melhem                             alex.melhem@datadoghq.com
Alex Romanov                            alex@romanov.ws
Alex Szakaly                            alex.szakaly@gmail.com
Alex Waring                             alex.waring@starlingbank.com
alimehrabikoshki                        79400736+alimehrabikoshki@users.noreply.github.com
alingse                                 alingse@foxmail.com
alisdairbr                              alisdairbr@users.noreply.github.com
Alkama Hasan                            gl3118@myamu.ac.in
Alois Petutschnig                       alois@petutschnig.net
Alvaro Aleman                           alvaroaleman@users.noreply.github.com
Alvaro Muñoz                            pwntester@github.com
Alvaro Uria                             alvaro.uria@isovalent.com
Amey Bhide                              amey@covalent.io
Amir Kheirkhahan                        amir.kheirkhahan@dbschenker.com
amitmavgupta                            115551423+amitmavgupta@users.noreply.github.com
Amol Ambekar                            ambekara@google.com
Amre Shakimov                           amre@covalent.io
Anderson, David L                       david.l.anderson@intel.com
Andor Nemeth                            andor_nemeth@swissre.com
Andreas Mårtensson                      andreas@addem.se
Andrea Terzolo                          andreaterzolo3@gmail.com
André Costa                             ancosta@gmail.com
Andree Klattenhoff                      mail@andr.ee
Andrei Kvapil                           kvapss@gmail.com
Andrei Ozerov                           ozerovandrei@nebius.com
André Martins                           andre@cilium.io
Andrew Bulford                          andrew.bulford@form3.tech
Andrew E. Timmes                        atimmes@seatgeek.com
Andrew Holt                             andrew.holt@utmost.co
Andrew Li                               hui0787411@163.com
Andrew Sauber                           andrew.sauber@isovalent.com
Andrew Sy Kim                           kim.andrewsy@gmail.com
Andrew Titmuss                          iandrewt@icloud.com
Andrey Devyatkin                        andrey.devyatkin@fivexl.io
Andrey Klimentyev                       andrey.klimentyev@flant.com
Andrey Maltsev                          maltsev.andrey@gmail.com
Andrey Voronkov                         voronkovaa@gmail.com
Andrii Iuspin                           andrii.iuspin@isovalent.com
Andrzej Mamak                           nqaegg@gmail.com
Andy Allred                             andy@punasusi.com
andychuang                              andy.chuang@shoplineapp.com
Angelo Poerio                           apoerio@cuebiq.com
Angelos Kolaitis                        neoaggelos@gmail.com
Animesh Pathak                          53110238+Sonichigo@users.noreply.github.com
Aniruddha Amit Dutta                    duttaaniruddha31@gmail.com
Anish Shah                              anishshah@google.com
Anit Gandhi                             anitgandhi@gmail.com
Ankur Kothiwal                          ankur.kothiwal@accuknox.com
Anna Kapuscinska                        anna@isovalent.com
Anthony Rabbito                         hello@anthonyrabbito.com
anthony-unicare                         anthony.dipietro@unicarehealth.com.au
Antoine Coetsier                        acr@exoscale.ch
Antoine Legrand                         2t.antoine@gmail.com
Antonio Ojea                            aojea@google.com
Anton Ippolitov                         anton.ippolitov@datadoghq.com
Antoni Zawodny                          zawodny@google.com
Anton Protopopov                        a.s.protopopov@gmail.com
Anton Tykhyy                            atykhyy@gmail.com
Antony Reynaud                          antony.reynaud@isovalent.com
Anubhab Majumdar                        anmajumdar@microsoft.com
Anurag Aggarwal                         anurag.aggarwal@flipkart.com
Archana Shinde                          archana.m.shinde@intel.com
Archer Wu                               archerwu9425@icloud.com
Archit Kulkarni                         architkulkarni@google.com
Ardika Bagus                            me@ardikabs.com
arezki-ouhenia                          162896408+arezki-ouhenia@users.noreply.github.com
Arika Chen                              eaglesora@gmail.com
Aritra Dey                              adey01027@gmail.com
Arkadiusz Kaliwoda (akaliwod)           akaliwod@cisco.com
Arlan Lloyd                             arlanlloyd@gmail.com
Arnaud Meukam                           ameukam@gmail.com
Arseniy Belorukov                       a.belorukov@team.bumble.com
Artem Tokarev                           enjoy1288@gmail.com
Arthur Chiao                            arthurchiao@hotmail.com
ArthurChiao                             arthurchiao@hotmail.com
Arthur Evstifeev                        mail@ap4y.me
Arthur Outhenin-Chalandre               arthur@cri.epita.fr
Arvind Soni                             arvind@covalent.io
Ashley Reese                            ashley.reese@firma.seznam.cz
Ashray Jain                             ashrayj@palantir.com
Ashwin Paranjpe                         ashwin@covalent.io
Ashwin Pillai                           pillaiashwin96@gmail.com
Assiya Khuzyakhmetova                   assiya.khuzyakhmetova@nu.edu.kz
Atkins Chang                            atkinschang@gmail.com
Atul Thosar                             atulthosar@gmail.com
Augustas Berneckas                      a.berneckas@gmail.com
Aurelien Benoist                        aurelien.benoist@sony.com
Aurelie Vache                           scraly@gmail.com
Austin Cawley-Edwards                   austin.cawley@gmail.com
AwesomePatrol                           AwesomePatrol@users.noreply.github.com
ayesha khaliq                           ayeshakhaliqrana@gmail.com
Ayush Dwivedi                           ayush.dwivedi@accuknox.com
bakito                                  github@bakito.ch
balashovm                               balashovm@yandex-team.ru
Barış Ekin Yıldırım                     101638632+beyildirim@users.noreply.github.com
Barun Acharya                           barun1024@gmail.com
Basit Mustafa                           basit.mustafa@gmail.com
bblackburn                              bblackburn@users.noreply.github.com
Beatriz Martínez                        beatriz@isovalent.com
behren                                  mobile.niclas@gmail.com
Benjamin Gentil                         benjamin.gentil@infomaniak.com
Benjamin Leggett                        benjamin.leggett@solo.io
Benjamin Pineau                         benjamin.pineau@datadoghq.com
Benoît Knecht                           bknecht@protonmail.ch
Benoît Sauvère                          benoit.sauvere@backmarket.com
Bernard Halas                           bernard.halas@berops.com
Bill Mulligan                           billmulligan516@gmail.com
Bingshen Wang                           bingshen.wbs@alibaba-inc.com
Bingwu Yang                             detailyang@gmail.com
Birol Bilgin                            birol@cilium.io
Bittrance                               bittrance@gmail.com
Blaz Zupan                              blaz@google.com
Bob Bouteillier                         bob.bouteillier@datadoghq.com
bo.jiang                                bo.jiang@daocloud.io
Bokang Li                               libokang.dev@gmail.com
Bolun Zhao                              blzhao@google.com
Boran Car                               boran.car@gmail.com
Boris Petrovic                          boris.petrovic@united.cloud
Bowei Du                                bowei@google.com
Brad Whitfield                          bradswhitfield@gmail.com
Brandon Ewing                           brandon.ewing@imc.com
Brandon McNama                          brandonmcnama@outlook.com
Brian Payne                             payne.in.the.brian@gmail.com
Brian Topping                           brian@coglative.com
brlbil                                  birol@cilium.io
Bruno Miguel Custódio                   brunomcustodio@gmail.com
Bryan Stenson                           bryan.stenson@okta.com
bzsuni                                  bingzhe.sun@daocloud.io
Calum MacRae                            hi@cmacr.ae
Cameron McAvoy                          cmcavoy@indeed.com
camillo.rossi@gmail.com                 camrossi@cisco.com
Camilo Schoeningh                       camilo.schoeningh@dunnhumby.com
Canh Ngo                                canhnt@gmail.com
Carlos Abad                             carlosab@google.com
Carlos Andrés Rocha                     rchalumeau@magicleap.com
Carlos Castro                           carlos.castro@jumo.world
Carlos Rodríguez Hernández              carlosrh@vmware.com
Carson Anderson                         carson.anderson@goteleport.com
Carson Yang                             yangchuansheng33@gmail.com
Casey Callendrello                      cdc@isovalent.com
cdtzabra                                22188574+cdtzabra@users.noreply.github.com
Cezary Zawadka                          czawadka@google.com
Chance Zibolski                         chance.zibolski@gmail.com
Changyu Wang                            changyuwang@tencent.com
chansuke                                moonset20@gmail.com
Charles-Edouard Brétéché                charled.breteche@gmail.com
Charles-Henri Guérin                    charles-henri.guerin@zenika.com
Charles Uneze                           charlesniklaus@gmail.com
chaunceyjiang                           chaunceyjiang@gmail.com
Chen Kang                               kongchen28@gmail.com
chentanjun                              tanjunchen20@gmail.com
chenyahui                               chenyahui9@jd.com
Chen Yaqi                               chenyaqi01@baidu.com
chenyuezhou                             zcy.chenyue.zhou@gmail.com
chez-shanpu                             tomoki-sugiura@cybozu.co.jp
Chinmay                                 chinmaysharma1020@gmail.com
Chris Bannister                         c.bannister@gmail.com
Chris Tarazi                            chris@isovalent.com
Christian Hörtnagl                      christian2@univie.ac.at
Christian Hüning                        christian.huening@finleap.com
Christian Mergenthaler                  christian.mergenthaler@firebolt.io
Christine Chen                          christine.chen@datadoghq.com
Christine Kim                           xtineskim@gmail.com
Christophe Jauffret                     christophe.jauffret@nutanix.com
Christopher Biscardi                    chris@christopherbiscardi.com
Christopher Schmidt                     fakod666@gmail.com
Christoph Puhl                          cpu@isovalent.com
Chris Werner Rau                        cwrau@cwrau.info
ChrsMark                                chrismarkou92@gmail.com
Cilium Imagebot                         noreply@cilium.io
Cilium Release Bot                      noreply@cilium.io
Cintia Sanchez Garcia                   cynthiasg@icloud.com
citizenadam                             adamlangmeyer@fastmail.com
CJ Virtucio                             cjv287@gmail.com
Claudia J. Kang                         claudiajkang@gmail.com
Clément Delzotti                        elk1ns@outlook.fr
cleverhu                                shouping.hu@daocloud.io
cndoit18                                cndoit18@outlook.com
Connor Jones                            cj@cjmakes.com
Cookie Wang                             luckymrwang@163.com
cornfeedhobo                            cornfeedhobo@fuzzlabs.org
Cory Snyder                             csnyder@1111systems.com
Craig Box                               craig.box@gmail.com
crashiura                               crashiura@gmail.com
cui fliter                              imcusg@gmail.com
cx                                      1249843194@qq.com
Cynthia Thomas                          cynthia@covalent.io
Cyril Corbon                            corboncyril@gmail.com
Cyril Scetbon                           cscetbon@gmail.com
czybjtu                                 smartczy@outlook.com
Dale Ragan                              dale.ragan@sap.com
Dalton Hubble                           dghubble@gmail.com
Damian Sawicki                          dsawicki@google.com
Dan Everton                             deverton@godaddy.com
Daneyon Hansen                          daneyon.hansen@solo.io
Đặng Minh Dũng                          dungdm93@live.com
Daniel Bodky                            daniel.bodky@netways.de
Daniel Borkmann                         daniel@iogearbox.net
Daniel Dao                              dqminh89@gmail.com
Daniel Finneran                         dan@thebsdbox.co.uk
Daniel Hawton                           daniel.hawton@solo.io
Daniel Qian                             qsj.daniel@gmail.com
Daniel T. Lee                           danieltimlee@gmail.com
Daniel Vos                              danielvos@outlook.com
Danni Skov Høglund                      skuffe@pwnz.dk
Dan Sexton                              dan.b.sexton@gmail.com
Dan Wendlandt                           dan@covalent.io
Dario Mader                             maderdario@gmail.com
Darren Foo                              darren.foo@shopify.com
Darren Mackintosh                       unixdaddy@gmail.com
Darshan Chaudhary                       deathbullet@gmail.com
DaShaun                                 826271+dashaun@users.noreply.github.com
David Bimmler                           david.bimmler@isovalent.com
David Birks                             davidebirks@gmail.com
David Boslee                            david@goteleport.com
David Bouchare                          david.bouchare@datadoghq.com
David Calvert                           david@0xdc.me
David Cheng                             david.cheng@shopline.com
David Chosrova                          dchosrova@gmail.com
David Donchez                           donch@dailymotion.com
David Korczynski                        david@adalogics.com
David Leadbeater                        dgl@dgl.cx
David Schlosnagle                       davids@palantir.com
David Swafford                          dswafford@coreweave.com
David Wolffberg                         1350533+wolffberg@users.noreply.github.com
Dawn                                    lx1960753013@gmail.com
dddddai                                 dddwq@foxmail.com
Dean                                    22192242+saintdle@users.noreply.github.com
Dee Kryvenko                            dee@selfcloud.tech
Deepesha Burse                          deepesha.3007@gmail.com
Deepesh Pathak                          deepshpathak@gmail.com
Denis GERMAIN                           dgermain@deezer.com
Denis Khachyan                          khachyanda.gmail.com
Derek Chen                              derek_chen@live.com
Derek Gaffney                           17263955+gaffneyd4@users.noreply.github.com
Deshi Xiao                              xiaods@gmail.com
deterclosed                             fliter@outlook.com
Devarshi Sathiya                        devarshisathiya5@gmail.com
dhamick                                 dharmicksaik@gmail.com
Dharma Bellamkonda                      dharma.bellamkonda@gmail.com
Didier Durand                           durand.didier@gmail.com
Diego Casati                            diego.casati@gmail.com
Dima Pugachev                           krabradosty@gmail.com
Dipankar Das                            dipankardas0115@gmail.com
Divine Odazie                           dodazie@gmail.com
Divya Mohan                             divya.mohan0209@gmail.com
Divyansh Kamboj                         divyansh.kamboj@accuknox.com
Divya Rani                              ranidivya063@gmail.com
Djalal Harouni                          tixxdz@gmail.com
Dmitriy Zinin                           admin@kami-no.ru
Dmitry Ilyevsky                         dilyevsky@mux.com
Dmitry Kharitonov                       geakstr@me.com
Dmitry Savintsev                        dmitris@users.noreply.github.com
Dmitry Shurupov                         dmitry.shurupov@palark.com
Dom Del Nano                            ddelnano@gmail.com
Dom Goodwin                             dom.goodwin@capgemini.com
Donia Chaiehloudj                       donia.cld@isovalent.com
Donnie McMahan                          jmcmaha1@gmail.com
Dorde Lapcevic                          dordel@google.com
Douglas Jordan                          1051774+dwj300@users.noreply.github.com
Duffie Cooley                           dcooley@isovalent.com
Dustin Specker                          dustin.specker@goteleport.com
dwalker-sabiogroup                      100362969+dwalker-sabiogroup@users.noreply.github.com
Dylan Reimerink                         dylan.reimerink@isovalent.com
egoust                                  ustinov16@gmail.com
Ekene Nwobodo                           nwobodoe71@gmail.com
Electron                                alokaks601@gmail.com
El-Fadel Bonfoh                         elfadel@accuknox.com
Elias Hernandez                         elirayhernandez@gmail.com
eliranw                                 39266788+eliranw@users.noreply.github.com
Ellie Springsteen                       ellie.springsteen@appian.com
Eloy Coto                               eloy.coto@acalustra.com
Emily Shepherd                          emily@redcoat.dev
Emin Aktas                              eminaktas34@gmail.com
Emmanuel T Odeke                        emmanuel@orijtech.com
Emre Savcı                              emre.savci@trendyol.com
Eng Zer Jun                             engzerjun@gmail.com
Eohyung Lee                             liquidnuker@gmail.com
Eric Bailey                             e.bailey@sportradar.com
Eric Ferreira                           ericarlos23@gmail.com
Eric Hausig                             16280871+ehausig@users.noreply.github.com
Eric Kuiper                             ekuiper1@lely.com
Eric Mountain                           eric.mountain@datadoghq.com
Eric M. Yanulis                         eric@eyanulis.net
Eric Ripa                               eric@ripa.io
Erik Chang                              erik.chang@nordstrom.com
Eugene Starchenko                       17835122+eugenestarchenko@users.noreply.github.com
Ewout Prangsma                          ewout@prangsma.net
Fabian Fischer                          fabian.fischer@isovalent.com
Fabio Falzoi                            fabio.falzoi@isovalent.com
Faiyaz Ahmed                            faiyaza@gmail.com
Fankaixi Li                             fankaixi.li@bytedance.com
Federico Hernandez                      f@ederi.co
feifeifei                               wangyufeimoon@gamil.com
Felix Färjsjö                           felix.farjsjo@gmail.com
fengshunli                              1171313930@qq.com
ferenets                                ferenets@nebius.com
Fernand Galiana                         fernand.galiana@gmail.com
Feroz Salam                             feroz.salam@isovalent.com
FeynmanZhou                             pengfeizhou@yunify.com
Filip Nikolic                           oss.filipn@gmail.com
Fish-pro                                zechun.chen@daocloud.io
FlippinFade                             fade.mate782@gmail.com
Flo                                     max06.net@outlook.com
Florian Bütler                          florian.buetler@proton.me
Florian Koch                            f0@users.noreply.github.com
Florian Lehner                          dev@der-flo.net
Flozza                                  code@inexplicity.de
Foyer Unix                              foyerunix@foyer.lu
Francois Allard                         francois@breathelife.com
François Joulaud                        francois.joulaud@radiofrance.com
Frank Villaro-Dixon                     frank.villaro@infomaniak.com
Frederic Branczyk                       fbranczyk@gmail.com
Frederic Giloux                         frederic.giloux@isovalent.com
Fred Heinecke                           fred.heinecke@yahoo.com
Fred Hsu                                fredlhsu@gmail.com
Fredrik Lönnegren                       fredrik.lonnegren@gmail.com
fristonio                               deepeshpathak09@gmail.com
Fulvio Risso                            fulvio.risso@polito.it
g0gn                                    chhabragdeep@gmail.com
Gabe Conradi                            gconradi@seatgeek.com
gailsuccess                             157372272+gailsuccess@users.noreply.github.com
Gaurav Genani                           h3llix.pvt@gmail.com
Gaurav Yadav                            gaurav.dev.iiitm@gmail.com
Gavin McNair                            gavin.mcnair@kaluza.com
geanttechnology                         geanttechnology@gmail.com
George Gaál                             gb12335@gmail.com
George Kontridze                        gkontridze@plaid.com
Gerald Pape                             gerald@giantswarm.io
Geyslan G. Bem                          geyslan@gmail.com
GH action                               ghabot@does.not.exist.cilium.org
Gianluca Arbezzano                      gianarb92@gmail.com
Gilberto Bertin                         jibi@cilium.io
gjmzj                                   jmgaozz@hotmail.com
Glen Yu                                 glen.yu@gmail.com
Glib Smaga                              code@gsmaga.com
Gobinath Krishnamoorthy                 gobinathk@google.com
GoGstickGo                              janilution@gmail.com
Gowtham Sundara                         gowtham.sundara@rapyuta-robotics.com
Gray Liang                              gray.liang@isovalent.com
Grégoire Bellon-Gervais                 gregoire.bellon-gervais@docaposte.fr
guangwu                                 guoguangwug@gmail.com
Guilherme Oki                           guilherme.oki@wildlifestudios.com
Guilherme Souza                         101073+guilhermef@users.noreply.github.com
Gunju Kim                               gjkim042@gmail.com
Gyutae Bae                              gyu.8ae@gmail.com
hacktivist123                           akintayoshedrack@gmail.com
Hadrien Patte                           hadrien.patte@datadoghq.com
Haitao Li                               lihaitao@gmail.com
Haiyue Wang                             haiyue.wang@intel.com
Hang Yan                                hang.yan@hotmail.com
Han Zhou                                hzhou8@ebay.com
HaoTian Qi                              t117503445@gmail.com
Hao Zhang                               hao.zhang.am.i@gmail.com
Harish Salluri                          harish.salluri@zynga.com
Harsh Modi                              harshmodi@google.com
harsimran pabla                         hpabla@isovalent.com
Hart Hoover                             hart@isovalent.com
Hector Monsalve                         hmonsalv@gmail.com
Heiko Rothe                             me@heikorothe.com
Hemanth Malla                           hemanth.malla@datadoghq.com
Hemslo Wang                             hemslo.wang@gmail.com
Hongbo Miao                             3375461+hongbo-miao@users.noreply.github.com
Hong Chen                               hong.chen.7219@gmail.com
Hrittik                                 hrittikcom@gmail.com
Huagong Wang                            wanghuagong@kylinos.cn
huangxuesen                             huangxuesen@kuaishou.com
Hui Kong                                hui.kong@qunar.com
Hunter Gregory                          42728408+huntergregory@users.noreply.github.com
Hunter Massey                           hmassey@tradestation.com
Husni Alhamdani                         dhanielluis@gmail.com
Huweicai                                i@huweicai.com
hxysayhi                                51870525+hxysayhi@users.noreply.github.com
Ian Vernon                              ian@cilium.io
Ifeanyi Ubah                            ify1992@yahoo.com
Igor Klemenski                          igor.klemenski@microsoft.com
ii2day                                  ii2day.zoro@gmail.com
Iiqbal2000                              iqbalhafizh2000@gmail.com
Ilia Chernov                            cherno8.ilya@gmail.com
Ilya Dmitrichenko                       errordeveloper@gmail.com
Ilya Shaisultanov                       ilya.shaisultanov@gmail.com
Ioannis Androulidakis                   androulidakis.ioannis@gmail.com
Isala Piyarisi                          mail@isala.me
Ishan Sharma                            ishansharma887@gmail.com
ishuar                                  ishansharma887@gmail.com
Ivan Makarychev                         i.makarychev@tinkoff.ru
Ivar Lazzaro                            ivarlazzaro@gmail.com
JabJ                                    sajjadjafaribojd@gmail.com
Jack-R-lantern                          tjdfkr2421@gmail.com
Jacob Henner                            code@ventricle.us
Jacopo Nardiello                        jnardiello@users.noreply.github.com
jaehanbyun                              awbrg789@naver.com
Jaff Cheng                              jaff.cheng.sh@gmail.com
Jaime Caamaño Ruiz                      jcaamano@suse.com
James Bodkin                            james.bodkin@amphora.net
James Brookes                           jbrookes@confluent.io
James Harr                              james.harr@gmail.com
James Laverack                          laverack@cisco.com
James McShane                           james.mcshane@superorbital.io
James Strong                            strong.james.e@gmail.com
Jan-Erik Rediger                        janerik@fnordig.de
Jan Jansen                              jan.jansen@gdata.de
Jan Mraz                                strudelpi@pm.me
Jan Unger                               jan-emanuel.unger@gmx.de
janvi01                                 janvibajo1@gmail.com
Jared Ledvina                           jared.ledvina@datadoghq.com
Jarno Rajahalme                         jarno@isovalent.com
Jason Aliyetti                          jaliyetti@gmail.com
javex                                   code@inexplicity.de
Javier Vela                             fjvela@gmail.com
Jayesh Kumar                            57744184+k8s-dev@users.noreply.github.com
Jean-Benoit Paux                        9682558+jbpaux@users.noreply.github.com
Jean Raby                               jean@raby.sh
Jed Salazar                             jedsalazar@gmail.com
Jef Spaleta                             jspaleta@gmail.com
Jeremy Bopp                             jeremy@bopp.net
Jeremy Young                            mowntan@gmail.com
Jerry J. Muzsik                         jerrymuzsik@icloud.com
Jesse Haka                              haka.jesse@gmail.com
Jess Frazelle                           acidburn@microsoft.com
Jiang Wang                              jiang.wang@bytedance.com
Jianlin Lv                              Jianlin.Lv@arm.com
Jian Zeng                               anonymousknight96@gmail.com
JieJhih Jhang                           jiejhihjhang@gmail.com
jignyasamishra                          iamjignyasa@gmail.com
Jim Angel                               jimangel@google.com.com
Jimmy Song                              rootsongjc@gmail.com
Jim Ntosas                              ntosas@gmail.com
Jingyuan Liang                          jingyuanliang@google.com
jinjiadu                                jinjiadu@aliyun.com
JinLin Fu                               withlin@apache.org
Jiong Wang                              jiong.wang@netronome.com
Jiri Vanura                             jirkavanur@seznam.cz
jiuker                                  2818723467@qq.com
Joao Ubaldo                             me@joaoubaldo.com
Joao Victorino                          joao@accuknox.com
Joe Farrell                             joe2farrell@gmail.com
Joe Stevens                             joe@ascend.io
Joe Stringer                            joe@cilium.io
Joe Talerico                            rook@isovalent.com
Joey Espinosa                           jlouis.espinosa@gmail.com
joey                                    zchengjoey@gmail.com
Johannes Liebermann                     johanan.liebermann@gmail.com
John Fastabend                          john.fastabend@gmail.com
John Gardiner Myers                     jgmyers@proofpoint.com
John Howard                             howardjohn@google.com
John Karoyannis                         karoyannis@yahoo.com
john-r-swyftx                           john.roche@swyftx.com.au
John Watson                             johnw@planetscale.com
John Zheng                              johnzhengaz@gmail.com
Jomen Xiao                              jomenxiao@gmail.com
Jonas Badstübner                        jonas@jb.software
Jonas Krüger Svensson                   jonas.svensson@intility.no
Jonathan Davies                         jpds@protonmail.com
Jonathan Grahl                          jonathan@keyholders.io
Jonathan Siegel                         248302+usiegj00@users.noreply.github.com
Jones Shi                               shilei@hotstone.com.cn
Jonny                                   jonny@linkpool.io
Jooho Lee                               jhlee@si-analytics.ai
Jordan Rife                             jrife@google.com
Jorik Jonker                            jorik.jonker@eu.equinix.com
Joseph-Irving                           joseph.irving500@gmail.com
Joseph Ligier                           joseph.ligier@accenture.com
Joseph Sheng                            jiajun.sheng@microfocus.com
Joseph Stevens                          thejosephstevens@gmail.com
Josh Soref                              2119212+jsoref@users.noreply.github.com
joshua                                  54235339+sujoshua@users.noreply.github.com
Joshua Roppo                            joshroppo@gmail.com
jshr-w                                  shjayaraman@microsoft.com
Juan Jimenez-Anca                       cortopy@users.noreply.github.com
Juha Tiensyrjä                          juha.tiensyrja@ouraring.com
Julian Wiedmann                         jwi@isovalent.com
Julien Balestra                         julien.balestra@datadoghq.com
Julien D                                barajus@users.noreply.github.com
Julien Kassar                           github@kassisol.com
Julius Hinze                            jhinze@cisco.com
Jun Chen                                answer1991.chen@gmail.com
Junli Ou                                oujunli306@gmail.com
Jussi Maki                              jussi@isovalent.com
justin0u0                               mail@justin0u0.com
kachi-bits                              76791974+kachi-bits@users.noreply.github.com
Kaczyniec                               kaczynska@google.com
kahirokunn                              okinakahiro@gmail.com
Kaito Ii                                kaitoii1111@gmail.com
Kaj Fehlhaber                           kaj.fehlhaber@wirelesscar.com
Kaloyan Yordanov                        Kaloyan.Yordanov@starlizard.com
Kamil Lach                              kamil.lach.rs@gmail.com
Kaniikura                               constantl492@gmail.com
Karim Naufal                            rimkashox@gmail.com
Karl Heins                              karlheins@northwesternmutual.com
Karsten Nielsen                         karsten.nielsen@ingka.ikea.com
Katarzyna Borkmann                      kasia@iogearbox.net
Katarzyna Lach                          katarzynalach@google.com
Katie Struthers                         99215338+katiestruthers@users.noreply.github.com
Kazuki Suda                             kazuki.suda@gmail.com
Keisuke Kondo                           k.gryphus@gmail.com
Kenshin Chen                            smwyzi@qq.com
kerthcet                                kerthcet@gmail.com
Kevin Burke                             kevin@burke.dev
Kevin Holditch                          82885135+kevholditch-f3@users.noreply.github.com
Kevin Reeuwijk                          kevin.reeuwijk@spectrocloud.com
Kiran Bondalapati                       kiran@bondalapati.com
Kir Kolyshkin                           kolyshkin@gmail.com
Koichiro Den                            den@klaipeden.com
Konstantin Aksenov                      konstantin.aksenov@flant.com
Kornilios Kourtis                       kornilios@isovalent.com
kwakubiney                              kebiney@hotmail.com
Kyle Simmons                            kylesimmons96@protonmail.com
l1b0k                                   libokang.lbk@alibaba-inc.com
Laurent Bernaille                       laurent.bernaille@datadoghq.com
Lawrence Gadban                         lawrence.gadban@solo.io
ldelossa                                louis.delos@gmail.com
Lehner Florian                          dev@der-flo.net
Leiw                                    steven.l.wang@linux.intel.com
Leonard Cohnen                          lc@edgeless.systems
leonliao                                xiaobo.liao@gmail.com
Liam Parker                             liamchat500@gmail.com
Liang Zhou                              zhoul110@chinatelecom.cn
Li Chengyuan                            chengyuanli@hotmail.com
Li Chun                                 lichun823@gmail.com
LiHui                                   andrewli@yunify.com
Lin Dong                                lindongld@google.com
Lin Sun                                 lin.sun@solo.io
Lior Lieberman                          liorlieberman@google.com
Lior Rozen                              liorr@tailorbrands.com
Liu Qun                                 qunliu@zyhx-group.com
liuxu                                   liuxu623@gmail.com
Livingstone S E                         livingstone.s.e@gmail.com
Li Yiheng                               lyhutopi@gmail.com
Liyi Huang                              pdshly@gmail.com
Liz Rice                                liz@lizrice.com
log1cb0mb                               nabeelnrana@gmail.com
logica0419                              logica0419@gmail.com
Loïc Blot                               nerzhul@users.noreply.github.com
lomackie                                me@louismackie.com
LongHui Li                              longhui.li@woqutech.com
loomkoom                                29258685+loomkoom@users.noreply.github.com
Lorenz Bauer                            lmb@isovalent.com
Lorenzo Fundaró                         lorenzofundaro@gmail.com
Louis DeLosSantos                       louis.delos@isovalent.com
lou-lan                                 loulan@loulan.me
Lucas Fernando Cardoso Nunes            lucasfc.nunes@gmail.com
Lucas Leblow                            lucasleblow@mailbox.org
Lucas Rattz                             lucas.rattz@syself.com
lucming                                 2876757716@qq.com
Ludovic Ortega                          ludovic.ortega@adminafk.fr
Lukas Stehlik                           stehlik.lukas@gmail.com
Luke Livingstone                        luke.livingstone@imaginecurve.com
Maartje Eyskens                         maartje.eyskens@isovalent.com
Maciej Fijalkowski                      maciej.fijalkowski@intel.com
Maciej Kwiek                            mkwiek@cisco.com
Maciej Skrocki                          maciejskrocki@google.com
Madhu Challa                            madhu@cilium.io
Madhusudan.C.S                          madhusudancs@gmail.com
Mahadev Panchal                         mahadev.panchal@benisontech.com
Mahdi Ben Zinouba                       benzinoubamahdi@gmail.com
MaiReo                                  sawako.saki@gmail.com
Mais                                    mai.saleh@siemens.com
Maksym Lushpenko                        iviakciivi@gmail.com
Manali Bhutiyani                        manali@covalent.io
Mandar U Jog                            mjog@google.com
Manuel Buil                             mbuil@suse.com
Manuel Rüger                            manuel@rueg.eu
Manuel Stößel                           manuel.stoessel@t-systems.com
Marc Barry                              4965634+marc-barry@users.noreply.github.com
Marcelo Moreira de Mello                tchello.mello@gmail.com
Marcel Zięba                            marcel.zieba@isovalent.com
Marcin Skarbek                          git@skarbek.name
Marcin Swiderski                        forgems@gmail.com
Marco Aurelio Caldas Miranda            17923899+macmiranda@users.noreply.github.com
Marco Franssen                          marco.franssen@gmail.com
Marco Hofstetter                        marco.hofstetter@isovalent.com
Marco Iorio                             marco.iorio@isovalent.com
Marco Kilchhofer                        mkilchhofer@users.noreply.github.com
Marco Maurer                            mkilchhofer@users.noreply.github.com
Marc 'risson' Schmitt                   marc.schmitt@risson.space
Marc Stulz                              m@footek.ch
Marc Suñé                               marc.sune@isovalent.com
Marek Chodor                            mchodor@google.com
Marga Manterola                         marga@isovalent.com
Marino Wijay                            45947861+distributethe6ix@users.noreply.github.com
Mario Constanti                         mario@constanti.de
Marius Gerling                          marius.gerling@uniberg.com
Mark deVilliers                         markdevilliers@gmail.com
Mark Pashmfouroush                      mark@isovalent.com
Mark St John                            markstjohn@google.com
Markus Blaschke                         mblaschke82@gmail.com
Markus Nilsson                          markus.nilsson@yubico.com
Martin Charles                          martincharles07@gmail.com
Martin Koppehel                         martin.koppehel@st.ovgu.de
Martin Odstrcilik                       martin.odstrcilik@gmail.com
Martynas Pumputis                       martynas@isovalent.com
Marvin Gaube                            dev@marvingaube.de
Marwin Baumann                          56264798+marwinbaumannsbp@users.noreply.github.com
Matej Gera                              matejgera@gmail.com
Mathias Herzog                          mathu@gmx.ch
Mathieu Parent                          mathieu.parent@insee.fr
Mathieu Payeur Levallois                mpl@isovalent.com
Mathieu Tortuyaux                       mtortuyaux@microsoft.com
Mathis Joffre                           51022808+Joffref@users.noreply.github.com
Matt Anderson                           matanderson@equinix.com
Matthew Fenwick                         mfenwick100@gmail.com
Matthew Gumport                         me@gum.pt
Matthew Hembree                         47449406+matthewhembree@users.noreply.github.com
Matthias Baur                           m.baur@syseleven.de
Matthieu Antoine                        matthieu.antoine@jumo.world
Matthieu MOREL                          matthieu.morel35@gmail.com
Matt Layher                             mdlayher@gmail.com
Matt Oswalt                             matt@oswalt.dev
Matyáš Kroupa                           kroupa.matyas@gmail.com
Mauricio Vásquez                        mauricio@kinvolk.io
Maxime Brunet                           max@brnt.mx
Maxime Visonneau                        maxime.visonneau@gmail.com
Maximilian Bischoff                     maximilian.bischoff@inovex.de
Maximilian Mack                         max@mack.io
Maxim Krasilnikov                       m.krasilnikov@space307.com
Maxim Mikityanskiy                      maxim@isovalent.com
Max Körbächer                           16919345+mkorbi@users.noreply.github.com
MeherRushi                              sudharushi0@gmail.com
Melissa Peiffer                         mbp83@nau.edu
Mengxin Liu                             mengxin@alauda.io
mereta                                  mereta.degutyte@hotmail.co.uk
Michael Aspinwall                       maspinwall@google.com
Michael Fischer                         fiscmi@amazon.com
Michael Fornaro                         20387402+xUnholy@users.noreply.github.com
Michael Francis                         michael@melenion.com
Michael Kashin                          mmkashin@gmail.com
Michael Mykhaylov                       32168861+mikemykhaylov@users.noreply.github.com
Michael Petrov                          michael@openai.com
Michael Ryan Dempsey                    bluestealth@bluestealth.pw
michaelsaah                             michael.saah@segment.com
Michael Saah                            msaah@twilio.com
Michael Schubert                        michael@kinvolk.io
Michael Vorburger                       vorburger@redhat.com
Michal Rostecki                         vadorovsky@gmail.com
Michal Siwinski                         siwy@google.com
Michi Mutsuzaki                         michi@isovalent.com
Mikael Johansson                        mik.json@gmail.com
Mike Fedosin                            mfedosin@gmail.com
MikeLing                                sabergeass@gmail.com
Mike Mwanje                             mwanjemike767@gmail.com
Mikhail Gorozhin                        m.gorozhin@gmail.com
Misha Bragin                            bangvalo@gmail.com
Mitch Hulscher                          mitch.hulscher@lib.io
Moh Ahmed                               moh.ahmed@cengn.ca
Mohammad Yosefpor                       47300215+m-yosefpor@users.noreply.github.com
Mohit Marathe                           mohitmarathe23@gmail.com
Moritz Eckert                           m1gh7ym0@gmail.com
Moritz Johner                           beller.moritz@googlemail.com
Moshe Immerman                          moshe.immerman@vitalitygroup.com
mrproliu                                741550557@qq.com
Murat Parlakisik                        murat@parlakisik.com
mvtab                                   mvtabilitas@protonmail.com
Natalia Reka Ivanko                     natalia@isovalent.com
Nate Sweet                              nathanjsweet@pm.me
Nate Taylor                             ntaylor1781@gmail.com
Nathan Bird                             njbird@infiniteenergy.com
nathannaveen                            42319948+nathannaveen@users.noreply.github.com
Nathan Perkins                          nperkins487@gmail.com
Nathan Taylor                           ntaylor1781@gmail.com
Naveen Achyuta                          naveen.achyuta22@gmail.com
Navin Kukreja                           navin.kukreja@isovalent.com
Nebula                                  40148908+nebula-it@users.noreply.github.com
necatican                               necaticanyildirim@gmail.com
Neela Jacques                           neela@isovalent.com
Neil Seward                             neil.seward@elasticpath.com
Neil Wilson                             neil@aldur.co.uk
Neutrollized                            glen.yu@gmail.com
Nicholas Lane                           nicklaneovi@gmail.com
Nick M                                  4718+rkage@users.noreply.github.com
Nick Young                              nick@isovalent.com
Niclas Mietz                            solidnerd@users.noreply.github.com
Nico Berlee                             nico.berlee@on2it.net
Nicolas Busseneau                       nicolas@isovalent.com
Nicolò Ciraci                           ciraci.nicolo@gmail.com
Nico Vibert                             nvibert@cisco.com
Nikhil Jha                              nikhiljha@users.noreply.github.com
Nikhil Sharma                           nikhilsharma230303@gmail.com
Nikolay Aleksandrov                     nikolay@isovalent.com
Nikolay Nikolaev                        nicknickolaev@gmail.com
Nimisha Mehta                           nimishamehta5@gmail.com
Nirmoy Das                              ndas@suse.de
Nishant Burte                           nburte@google.com
Nitish Malhotra                         nitishm@microsoft.com
Nitish Tiwari                           nitish@parseable.io
Noel Georgi                             git@frezbo.dev
nrnrk                                   noriki6t@gmail.com
nueavv                                  nuguni@kakao.com
nuwa                                    nuwa@yannis.codes
nxyt                                    lolnoxy@gmail.com
Odin Ugedal                             ougedal@palantir.com
Oilbeater                               mengxin@alauda.io
Oksana Baranova                         oksana.baranova@intel.com
Olaf Klischat                           olaf.klischat@gmail.com
Ole Markus With                         o.with@sportradar.com
Olga Mirensky                           5200844+olga-mir@users.noreply.github.com
Oliver Hofmann                          91730056+olinux-dev@users.noreply.github.com
Oliver Ni                               oliver.ni@gmail.com
Oliver Wang                             a0924100192@gmail.com
Omar Aloraini                           ooraini.dev@gmail.com
Ondrej Blazek                           ondrej.blazek@firma.seznam.cz
Ondrej Sika                             ondrej@ondrejsika.com
oneumyvakin                             oneumyvaking@mail.ru
Oshan Galwaduge                         oshan304@gmail.com
Osthues                                 osthues.matthias@gmail.com
Ovidiu Tirla                            otirla@google.com
Pablo Ruiz                              pablo.ruiz@gmail.com
Paco Xu                                 paco.xu@daocloud.io
Parth Patel                             parth.psu@gmail.com
pasteley                                ceasebeing@gmail.com
Patrice Chalin                          chalin@cncf.io
Patrice Peterson                        patrice.peterson@mailbox.org
Patrick Mahoney                         pmahoney@greenkeytech.com
Patrick O’Brien                         patrick.obrien@thetradedesk.com
Patrick Pichler                         git@patrickpichler.dev
Patrick Reich                           patrick@neodyme.io
Pat Riehecky                            riehecky@fnal.gov
Patrik Cyvoct                           patrik@ptrk.io
Paul Arah                               paularah.self@gmail.com
Paul Bailey                             spacepants@users.noreply.github.com
Paul Chaignon                           paul.chaignon@gmail.com
Paulo Castello da Costa                 pcastello@google.com
Paulo Gomes                             pjbgf@linux.com
Pavel Pavlov                            40396270+PavelPavlov46@users.noreply.github.com
Pavel Tishkov                           pavel.tishkov@flant.com
Paweł Prażak                            pawelprazak@users.noreply.github.com
Pedro Ignacio                           pedroig100.pi@gmail.com
Peiqi Shi                               uestc.shi@gmail.com
Pelle van Gils                          pelle@vangils.dev
pengbinbin1                             pengbiny@163.com
Pengfei Song                            pengfei.song@daocloud.io
Peter Jausovec                          peter.jausovec@solo.io
Peter Matulis                           pmatulis@gmail.com
Peter Slovak                            slovak.peto@gmail.com
Petr Baloun                             petr.baloun@firma.seznam.cz
Philippe Lafoucrière                    philippe.lafoucriere@gmail.com
Philipp Gniewosz                        philipp.gniewosz@daimlertruck.com
Philip Schmid                           philip.schmid@protonmail.com
Pierre-Yves Aillet                      pyaillet@gmail.com
Pieter van der Giessen                  pieter@pionative.com
Pooja Trivedi                           poojatrivedi@gmail.com
Pouya Dolatabadi                        pooyadowlat@gmail.com
Prabhakhar Kaliyamurthy (PK)            prabhakhar@gmail.com
Pranavi Roy                             pranvyr@gmail.com
Prashanth.B                             beeps@google.com
Pratyay Banerjee                        putubanerjee23@gmail.com
Pratyush Singhal                        psinghal20@gmail.com
Praveen Krishna                         pkrishn@google.com
Priya Sharma                            Priya.Sharma6693@gmail.com
Qasim Sarfraz                           qasim.sarfraz@esailors.de
Qifeng Guo                              qifeng.guo@daocloud.io
Qingchuan Hao                           qinhao@microsoft.com
Quang Nguyen                            nguyenquang@microsoft.com
Quan Wei                                quanwei.153@bytedance.com
Quentin Monnet                          qmo@qmon.net
Raam                                    ram29@bskyb.com
Rachid Zarouali                         rachid.zarouali@sevensphere.io
Rafael da Fonseca                       rafael.fonseca@wildlifestudios.com
Raffael Sahli                           raffael.sahli@doodle.com
Raghu Gyambavantha                      raghug@bld-ml-loan4.olympus.f5net.com
Rahul Jadhav                            nyrahul@gmail.com
Rahul Joshi                             rkjoshi@google.com
rahulk789                               rahul.u.india@gmail.com
Rajat Jindal                            rajatjindal83@gmail.com
Ralph Bankston                          ralph@isovalent.com
Ramses Rodriguez Martinez               ramses@nextdigital.es
Raphael Campos                          raphael@accuknox.com
Raphaël Pinson                          raphael@isovalent.com
Rastislav Szabo                         rastislav.szabo@isovalent.com
Rauan Mayemir                           rauan@mayemir.io
rawmind0                                rawmind@gmail.com
Ray Bejjani                             ray.bejjani@gmail.com
Raymond de Jong                         raymond.dejong@isovalent.com
RayyanSeliya                            rayyanseliya786@gmail.com
Reilly Brogan                           reilly@reillybrogan.com
Rei Shimizu                             Shikugawa@gmail.com
Remi Gelinas                            mail@remigelin.as
Rémy Léone                              rleone@scaleway.com
Renat Tuktarov                          yandzeek@gmail.com
Renaud Calle                            renaud.calle@outscale.com
Renaud Gaubert                          renaud@openai.com
Rene Luria                              rene@luria.ch
René Veenhuis                           re.veenhuis@gmail.com
Rene Zbinden                            rene.zbinden@postfinance.ch
renyunkang                              rykren1998@gmail.com
Reza Abbasalipour                       reza.abbasalipour@canonical.com
Richard Lavoie                          richard.lavoie@logmein.com
Richard Tweed                           RichardoC@users.noreply.github.com
Rich Theobald                           rich.theobald@gmail.com
Rick Rackow                             rick.rackow@gmail.com
Ricky Ho                                horicky78@gmail.com
Rio Kierkels                            riokierkels@gmail.com
Ritwik Ranjan                           ritwikranjan@microsoft.com
Robin Elfrink                           robin@15augustus.nl
Robin Gögge                             r.goegge@isovalent.com
Robin Hahling                           code@hahling.ch
Rob Scott                               robertjscott@google.com
Rocky Chen                              40374064+rockc2020@users.noreply.github.com
Rodrigo Chacon                          rochacon@gmail.com
Rohan George                            83759161+rohan-changejar@users.noreply.github.com
Romain Lenglet                          rlenglet@google.com
Romain Winieski                         winieski@progress.com
roman-kiselenko                         roman.kiselenko.dev@gmail.com
Roman Ptitcyn                           romanspb@yahoo.com
Romuald Zdebskiy                        zdebskiy@hotmail.com
Ronald van Zantvoort                    the.loeki@gmail.com
Ross Guarino                            rssguar@gmail.com
roykharman                              roykharman@gmail.com
Rudrakh Panigrahi                       rudrakh97@gmail.com
Rui Cao                                 caorui.io@bytedance.com
Rui Chen                                rui@chenrui.dev
Rui Gu                                  rui@covalent.io
Rushikesh Butley                        rushikeshbutley@gmail.com
Russell Bryant                          russell@russellbryant.net
rusttech                                gopher@before.tech
Ryan Drew                               ryan.drew@isovalent.com
Ryan McNamara                           rmcnamara@palantir.com
Ryan Taylor                             1686627+rptaylor@users.noreply.github.com
ryebridge                               88094554+ryebridge@users.noreply.github.com
Sachin Maurya                           sachin.maurya7666@gmail.com
Sadik Kuzu                              sadikkuzu@hotmail.com
Sahid Orentino Ferdjaoui                sahid.ferdjaoui@industrialdiscipline.com
saiaunghlyanhtet                        saiaunghlyanhtet2003@gmail.com
Saikrishna Edupuganti                   saikrishna.edupuganti@intel.com
Saim Safdar                             59512053+Saim-Safdar@users.noreply.github.com
Saiyam Pathak                           saiyam@civo.com
Salvatore Mazzarino                     salvatore@accuknox.com
Sam Day                                 me@samcday.com
Sami Yessou                             fnzv@users.noreply.github.com
Sam Morrison                            sorrison@gmail.com
Samson S. Kolge                         eglok1980@gmail.com
Samuel Lang                             gh@lang-sam.de
Samuel Torres                           samuelpirestorres@gmail.com
Sander Timmerman                        stimmerman@schubergphilis.com
Sandipan Panda                          samparksandipan@gmail.com
Sarah Corleissen                        sarah.corleissen@isovalent.com
Sarvesh Rangnekar                       sarveshr@google.com
Sascha Grunert                          sgrunert@redhat.com
Satish Matti                            smatti@google.com
Scott Albertson                         ascottalbertson@gmail.com
Scott Stuart                            sstuart@doximity.com
Sean Winn                               sean@isovalent.com
Sebastian Gaiser                        sebastiangaiser@users.noreply.github.com
Sebastian Nickel                        nick@nine.ch
Sebastian Rojo                          arpagon@gmail.com
Sebastian Wicki                         sebastian@isovalent.com
Sebastien Lafond                        sebastien.lafond@cdiscount.com
Sebastien Thomas                        prune@lecentre.net
Sekhar Sankaramanchi                    sekhar@isovalent.com
Sergey Generalov                        sergey@isovalent.com
Sergey Monakhov                         monakhov@puzl.ee
Sergey Safarov                          s.safarov@anycast-lb.net
Sergey Shevchenko                       sergeyshevchdevelop@gmail.com
Sergio Ballesteros                      snaker@locolandia.net
sh2                                     shawnhxh@outlook.com
Shane Utt                               shaneutt@linux.com
shankeerthan-kasilingam                 shankeerthan1995@gmail.com
Shantanu Deshpande                      shantanud106@gmail.com
Shardul Srivastava                      shardul.srivastava007@gmail.com
shreyas pandya                          pandyashreyas1@gmail.com
Shunpoco                                tkngsnsk313320@gmail.com
Sigurd Spieckermann                     sigurd.spieckermann@gmail.com
Simon Becker                            135833417+becker-s@users.noreply.github.com
Simone Magnani                          simone.magnani@isovalent.com
Simone Sciarrati                        s.sciarrati@gmail.com
Simon Felding                           45149055+simonfelding@users.noreply.github.com
Simon Gerber                            simon.gerber@vshn.ch
Simon Lackerbauer                       mail@ciil.io
Simon Ostendorf                         github@simon-ostendorf.de
Simon Pasquier                          spasquier@mirantis.com
Sjouke de Vries                         info@sdvservices.nl
SkalaNetworks                           contact@skala.network
sknop                                   118932232+sknop-cgn@users.noreply.github.com
Smaine Kahlouch                         smainklh@gmail.com
snap87                                  84322098+snap87@users.noreply.github.com
soggiest                                nicholas@isovalent.com
Song                                    1120344670@qq.com
spacewander                             spacewanderlzx@gmail.com
spiarh                                  ludo@spiarh.fr
Sridhar K N Rao                         sridharkn@u.nus.edu
ssttehrani                              ssttehrani@gmail.com
Stacy Kim                               stacy.kim@ucla.edu
Stefan Zwanenburg                       stefan@zwanenburg.info
Stephen Martin                          lockwood@opperline.com
Steve Gargan                            sgargan@qualtrics.com
Steven Armstrong                        steven.armstrong@id.ethz.ch
Steven Ceuppens                         steven.ceuppens@icloud.com
Steven Dake                             steven.dake@gmail.com
Steven Johnson                          sjdot@protonmail.com
Steven Kreitzer                         skre@skre.me
Steven Normore                          snormore@digitalocean.com
Steven Shuang                           stevenshuang521@gmail.com
Stevo Slavić                            sslavic@gmail.com
Stijn Smits                             stijn@stijn98s.nl
Strukov Anton                           anstrukov@luxoft.com
Stuart Preston                          mail@stuartpreston.net
Suchit                                  78025461+suchit07-git@users.noreply.github.com
Suchit Karunakaran                      suchitkarunakaran@gmail.com
Su Fei                                  sofat1989@126.com
Sugang Li                               sugangli@google.com
Surya-7890                              suryamariappan9108@gmail.com
Sven Haardiek                           sven.haardiek@uni-muenster.de
Swaminathan Vasudevan                   svasudevan@suse.com
Syed Azeez                              syedazeez337@gmail.com
Taeung Song                             treeze.taeung@gmail.com
Taizeng Wu                              wutaizeng@gmail.com
Takayoshi Nishida                       takayoshi.nishida@gmail.com
Tamilmani                               tamanoha@microsoft.com
Tam Mach                                tam.mach@cilium.io
Tasdik Rahman                           prodicus@outlook.com
Te-Yu Chang                             dale.teyuchang@gmail.com
Thales Paiva                            thales@accuknox.com
TheAifam5                               theaifam5@gmail.com
Thearas                                 thearas850@gmail.com
Thiago Navarro                          navarro@accuknox.com
Thi Van Le                              vannnyle@gmail.com
Thomas Bachman                          tbachman@yahoo.com
Thomas Balthazar                        thomas@balthazar.info
thomas.chen                             thomas.chen@trustasia.com
Thomas Gosteli                          thomas.gosteli@protonmail.com
Thomas Graf                             thomas@cilium.io
Thorben von Hacht                       tvonhacht@apple.com
Thorsten Pfister                        thorsten.pfister@form3.tech
Tianzhenxiong                           sancpp@qq.com
tigerK                                  yanru.lv@daocloud.io
Tilusch                                 til.heini@swisscom.com
Tim Horner                              timothy.horner@isovalent.com
Timo Beckers                            timo@isovalent.com
Timo Reimann                            ttr314@googlemail.com
Timur Solodovnikov                      timur.solodovnikov@clickhouse.com
tkna                                    naoki-take@cybozu.co.jp
Tobias Brunner                          tobias.brunner@vshn.ch
Tobias Klauser                          tobias@cilium.io
Tobias Kohlbau                          tobias@kohlbau.de
Tobias Mose                             mosetobias@gmail.com
Tomas Leypold                           tomas@leypold.cz
Tom Hadlaw                              tom.hadlaw@isovalent.com
Tommaso Pozzetti                        tommypozzetti@hotmail.it
Tommo Cowling                           952241+tlcowling@users.noreply.github.com
Tomoki Sugiura                          tomoki-sugiura@cybozu.co.jp
Tomoya Fujita                           Tomoya.Fujita@sony.com
Tom Payne                               tom@isovalent.com
Toni Tauro                              toni.tauro@adfinis.com
Tony Lambiris                           tony@criticalstack.com
Tony Lu                                 tonylu@linux.alibaba.com
Tony Norlin                             tony.norlin@localdomain.se
Torben Tretau                           torben@tretau.net
Tore S. Loenoey                         tore.lonoy@gmail.com
ToroNZ                                  tomas-github@maggio.nz
toVersus                                toversus2357@gmail.com
Travis Glenn Hansen                     travisghansen@yahoo.com
Trevor Roberts Jr                       Trevor.Roberts.Jr@gmail.com
Trevor Tao                              trevor.tao@arm.com
Tsotne Chakhvadze                       tsotne@google.com
Tyler Auerbeck                          tylerauerbeck@users.noreply.github.com
u5surf                                  u5.horie@gmail.com
Ubuntu                                  ubuntu@ip-172-31-10-3.eu-west-3.compute.internal
Umesh Keerthy B S                       umesh.freelance@gmail.com
Umesh Keerthy                           umesh.freelance@gmail.com
usiegl00                                50933431+usiegl00@users.noreply.github.com
Vadim Ponomarev                         velizarx@gmail.com
vakr                                    vakr@microsoft.com
Valas Valancius                         valas@google.com
Vance Li                                vanceli@tencent.com
Vanilla                                 osu_Vanilla@126.com
Vasu Dasari                             vasudasari@google.com
vchirikov                               vovanchig@gmail.com
verysonglaa                             39988258+verysonglaa@users.noreply.github.com
Victor Chen                             vchen2@atlassian.com
Vigneshwaren Sunder                     vickymailed@gmail.com
Viktor Kurchenko                        viktor.kurchenko@isovalent.com
Viktor Kuzmin                           kvaster@gmail.com
Viktor Oreshkin                         imselfish@stek29.rocks
Ville Ojamo                             bluikko@users.noreply.github.com
Ville Vesilehto                         ville.vesilehto@upcloud.com
Vincent Li                              vincent.mc.li@gmail.com
Vipul Singh                             singhvipul@microsoft.com
Vishal Choudhary                        sendtovishalchoudhary@gmail.com
Vishnu Soman K                          vishnusomank05@gmail.com
Vitali                                  vitali@stream.security
Vlad Artamonov                          742047+vladdy@users.noreply.github.com
Vlad Gorodetsky                         v@gor.io
Vladimir Nachev                         vladimir.penkov.nachev@gmail.com
Vladimir Pouzanov                       farcaller@gmail.com
Vlad Ungureanu                          vladu@palantir.com
Wang Dong                               xdragon007@gmail.com
Wang Li                                 wangli09@kuaishou.com
Wang Zhen                               lazybetrayer@gmail.com
Wanlin Du                               wanlindu@google.com
Wayne Haber                             whaber@gitlab.com
Wazir Ahmed                             wazir@accuknox.com
Weilong Cui                             cuiwl@google.com
Wei Yang                                wei.yang@daocloud.io
Weizhou Lan                             weizhou.lan@daocloud.io
Wenhu Wang                              wang15691700816@gmail.com
wenlxie                                 xwlpt@126.com
Wenxian Li                              wofanli@gmail.com
Will Daly                               widaly@microsoft.com
Will Deuschle                           wdeuschle@palantir.com
William Findlay                         william.findlay@isovalent.com
Willi Eggeling                          willi.eggeling@cloutomate.de
Will Stewart                            will@northflank.com
Wojtek Czekalski                        me@wczekalski.com
Wongyu Lee                              kyu21@outlook.com
wszqkzqk                                wszqkzqk@qq.com
Xiang Liu                               lx1036@126.com
Xiaoqing                                xiaoqingnb@gmail.com
Xiaoyang Zhu                            zhuxiaoyang1996@gmail.com
XiaozhiD-web                            chuanzhi.dai@daocloud.io
Xin Li                                  xin.li@daocloud.io
xinwenqiang                             xinwenqiang@bytedance.com
Xinyuan Zhang                           zhangxinyuan@google.com
yanggang                                gang.yang@daocloud.io
yanhongchang                            yanhongchang@100tal.com
Yannik Messerli                         yannik.messerli@gmail.com
Yann ILAS                               yann.ilas@gmail.com
Yash Shetty                             yashshetty@google.com
Ye Sijun                                junnplus@gmail.com
Yiannis Yiakoumis                       yiannis@selfienetworks.com
Yingnan Zhang                           342144303@qq.com
yogesh1801                              yogeshsingla481@gmail.com
Yogi Suthari                            yrsuthari@gmail.com
Yohan Belléguic                         yohan.belleguic@arkea.com
Yongkun Gui                             ygui@google.com
Yosh de Vos                             yosh@elzorro.nl
youhonglian                             honglian.you@daocloud.io
Youssef Azrak                           yazrak.tech@gmail.com
Yoyo Wu                                 yoyo19980720@126.com
Yuan Liu                                liuyuan@google.com
Yugo Kobayashi                          kobdotsh@gmail.com
yulng                                   wei.yang@daocloud.io
Yurii Dzobak                            yurii.dzobak@lotusflare.com
Yurii Komar                             Subreptivus@gmail.com
yushoyamaguchi                          ysh.824@outlook.jp
Yusho Yamaguchi                         yusho.yamaguchi@sony.com
Yusuke Suzuki                           yusuke.suzuki@isovalent.com
Yutaro Hayakawa                         yutaro.hayakawa@isovalent.com
Yves Blusseau                           yves.blusseau@acoss.fr
yylt                                    yang8518296@163.com
Zang Li                                 zangli@google.com
Zeroday BYTE                            github@zerodaysec.org
zhanghe9702                             zhanghe9702@163.com
Zhang Qiang                             qiangzhang@qiyi.com
zhaojizhuang                            571130360@qq.com
zhikuodu                                duzhk@qq.com
Zhiyuan Hou                             zhiyuan2048@linux.alibaba.com
zhouhaibing089                          zhouhaibing089@gmail.com
Zhu Yan                                 hackzhuyan@gmail.com
Zijian Zhang                            zz2795@columbia.edu
Zisis Lianas                            zl@consol.de
zufardhiyaulhaq                         zufardhiyaulhaq@gmail.com
zzuckerfrei                             seonmin1219@gmail.com
尤理衡 (Li-Heng Yu)                     007seadog@gmail.com

The following additional people are mentioned in commit logs as having provided
helpful bug reports, suggestions or have otherwise provided value to the
project:

Brenden Blanco                          bblanco@plumgrid.com
Jakub Kicinski                          jakub.kicinski@netronome.com
Salvatore Orlando                       salv.orlando@gmail.com
Tomás Senart                            tsenart@gmail.com
